year,region,site,rep,microsite,D1,D2,H,S.barbatus,B.rubens,E.cicutarium,B.hordeaceus,P.secunda,D.kelloggii,P.ovata,C.barbigera,L.gracilis,C.exserta,A.wrangelianus,D.capitatum,Pectocarya spp.,E.penduliflora,A.tessellata,A.adscensionis,C.fremontii,E.minutiflora,P.membranaceum,L.lasiocarpa,M.glabrata,R.neomexicana,E.eremicum,C.rigida,P.crenulata,E.wallacei,C.brevipes,C.claviformis,Erinoginum spp.,M.bellioides,E.exilis,C.lasiophyllus,L.setosissima,A.tuberosa,B.nigria,N.demissum,A.lentiginosus,A.grandiflora,H.vulgare,C.intermedia
2017,Panoche,1.1,1,open,,,,,133,39,,,,,,,,3,,,,,,,,,,,,,,,,,,,,,,,,,,,,,
2017,Panoche,1.1,2,open,,,,,115,42,,,,,,,,1,,,,,,,,,,,,,,,,,,,,,,,,,,3,,,
2017,Panoche,1.1,3,open,,,,,92,50,,,,,,,,,,,,,,,,,,,,,,,,,,,,,,,,,,,,,
2017,Panoche,1.1,4,open,,,,,80,59,,,,,,,,4,,,,,,,,,,,,,,,,,,,,,,,,,,,,,
2017,Panoche,1.1,5,open,,,,,136,22,,,,,,,,4,,,,,,,,,,,,,,,,,,,,,,,,,,,,,
2017,Panoche,1.1,6,open,,,,,105,39,,,,,,,,,,,,,,,,,,,,,,,,,,,,,,,,,,2,,,
2017,Panoche,1.1,7,open,,,,,93,45,,,,,,,,3,,,,,,,,,,,,,,,,,,,,,,,,,,,,,
2017,Panoche,1.1,8,open,,,,,108,21,,,,,,,,,,,,,,,,,,,,,,,,,,,,,,,,,,,,,
2017,Panoche,1.1,9,open,,,,,87,44,,,,,,,,,,,,,,,,,,,,,,,,,,,,,,,,,,,,,
2017,Panoche,1.1,10,open,,,,,176,28,,,,,,,,,,,,,,,,,,,,,,,,,,,,,,,,,,,1,,
2017,Panoche,1.1,11,open,,,,,97,88,,,,,,,,,,,,,,,,,,,,,,,,,,,,,,,,,,,,,
2017,Panoche,1.1,12,open,,,,,112,49,,,,,,,,2,,,,,,,,,,,,,,,,,,,,,,,,,,,,,
2017,Panoche,1.1,13,open,,,,,162,8,,,,,,,,,,,,,,,,,,,,,,,,,,,,,,,,,,,,,
2017,Panoche,1.1,14,open,,,,,105,21,,,,,,,,2,,,,,,,,,,,,,,,,,,,,,,,,,,,,,
2017,Panoche,1.1,15,open,,,,,98,30,,,,,,,,2,,,,,,,,,,,,,,,,,,,,,,,,,,1,,,
2017,Panoche,1.1,16,open,,,,,91,22,,,,,,,,3,,,,,,,,,,,,,,,,,,,,,,,,,,,,,
2017,Panoche,1.1,17,open,,,,,140,29,,,,,,,,,,,,,,,,,,,,,,,,,,,,,,,,,,,,,
2017,Panoche,1.1,18,open,,,,,112,31,,,,,,,,,,,,,,,,,,,,,,,,,,,,,,,,,,,,,
2017,Panoche,1.1,19,open,,,,,101,35,,,,,,,,,,,,,,,,,,,,,,,,,,,,,,,,,,,,,
2017,Panoche,1.1,20,open,,,,,140,8,,,,,,,,,,,,,,,,,,,,,,,,,,,,,,,,,,,,,
2017,Panoche,1.1,21,open,,,,86,15,28,,,,,,,,,,,,,,,,,,,,,,,,,,,,,,,,,,,,,
2017,Panoche,1.1,22,open,,,,28,59,30,,,,,,,,,,,,,,,,,,,,,,,,,,,,,,,,,,,,,
2017,Panoche,1.1,23,open,,,,,108,29,,,,,,,,3,,,,,,,,,,,,,,,,,,,,,,,,,,,,,
2017,Panoche,1.1,24,open,,,,42,110,10,,,,,,,,3,,,,,,,,,,,,,,,,,,,,,,,,,,,,,
2017,Panoche,1.1,25,open,,,,,105,29,,,,,,,,,,,,,,,,,,,,,,,,,,,,,,,,,,,,,
2017,Panoche,1.1,26,open,,,,,98,88,,,,,,,,,,,,,,,,,,,,,,,,,,,,,,,,,,,,,
2017,Panoche,1.1,27,open,,,,12,98,62,,,,,,,,,,,,,,,,,,,,,,,,,,,,,,,,,,,,,
2017,Panoche,1.1,28,open,,,,5,104,91,,,,,,,,,,,,,,,,,,,,,,,,,,,,,,,,,,,,,
2017,Panoche,1.1,29,open,,,,,98,39,,,,,,,,,,,,,,,,,,,,,,,,,,,,,,,,,,,,,
2017,Panoche,1.1,30,open,,,,,56,60,,,,,,,,,,,,,,,,,,,,,,,,,,,,,,,,,,,,,
2017,Panoche,1.2,1,open,,,,36,40,37,,,3,,,,,3,,,,,,,,,,,,,,,,,,,,,,,,,,,,,
2017,Panoche,1.2,2,open,,,,,17,38,,,5,,18,,,,,,,,,,,,,,,,,,,,,,,,,,,,,,,,
2017,Panoche,1.2,3,open,,,,,9,16,,,2,,20,,,,,,,,,,,,,,,,,,,,,,,,,,,,,,,,
2017,Panoche,1.2,4,open,,,,,8,48,,,9,,9,,,,,,,,,,,,,,,,,,,,,,,,,,,,,,,,
2017,Panoche,1.2,5,open,,,,12,22,22,,,10,,,,,2,,,,,,,,,,,,,,,,,,,,,,,,,,,,,
2017,Panoche,1.2,6,open,,,,12,16,20,,,,,30,,,3,,,,,,,,,,,,,,,,,,,,,,,,,,,,,
2017,Panoche,1.2,7,open,,,,,17,14,,,,,22,,,2,,,,,,,,,,,,,,,,,,,,,,,,,,,,,
2017,Panoche,1.2,8,open,,,,,15,25,,,2,,14,,,,1,,,,,,,,,,,,,,,,,,,,,,,,,,,,
2017,Panoche,1.2,9,open,,,,,16,63,,,,,8,,,,,,,,,,,,,,,,,,,,,,,,,,,,,,,,
2017,Panoche,1.2,10,open,,,,11,17,52,,,5,,,,,,,,,,,,,,,,,,,,,,,,,,,,,,,,,,
2017,Panoche,1.2,11,open,,,,11,18,46,,,4,,,,,,,,,,,,,,,,,,,,,,,,,,,,,,,,,,
2017,Panoche,1.2,12,open,,,,,17,46,,,5,,19,,,,,,,,,,,,,,,,,,,,,,,,,,,,,,,,
2017,Panoche,1.2,13,open,,,,,20,18,,,,,21,,,2,,,,,,,,,,,,,,,,,,,,,,,,,,,,,
2017,Panoche,1.2,14,open,,,,,9,14,,,2,,14,,,,,,,,,,,,,,,,,,,,,,,,,,,,,,,,
2017,Panoche,1.2,15,open,,,,9,14,19,,,,,34,,,2,,,,,,,,,,,,,,,,,,,,,,,,,,,,,
2017,Panoche,1.2,16,open,,,,9,17,16,,,,,30,,,3,,,,,,,,,,,,,,,,,,,,,,,,,,,,,
2017,Panoche,1.2,17,open,,,,10,9,20,,,,,30,,,3,2,,,,,,,,,,,,,,,,,,,,,,,,,,,,
2017,Panoche,1.2,18,open,,,,8,12,17,,,,,29,,,2,,,,,,,,,,,,,,,,,,,,,,,,,,,,,
2017,Panoche,1.2,19,open,,,,12,11,,,,3,,9,,,,2,,,,,,,,,,,,,,,,,,,,,,,,,,,,
2017,Panoche,1.2,20,open,,,,,7,48,,,4,,6,,,,,,,,,,,,,,,,,,,,,,,,,,,,,,,,
2017,Panoche,1.2,21,open,,,,37,34,,,,2,,,,,2,,,,,,,,,,,,,,,,,,,,,,,,,,,,,
2017,Panoche,1.2,22,open,,,,,30,51,,,9,,5,,,,,,,,,,,,,,,,,,,,,,,,,,,,,,,,
2017,Panoche,1.2,23,open,,,,8,10,17,,,,,23,,,2,2,,,,,,,,,,,,,,,,,,,,,,,,,,,,
2017,Panoche,1.2,24,open,,,,41,46,,,,2,,,,,2,,,,,,,,,,,,,,,,,,,,,,,,,,,,,
2017,Panoche,1.2,25,open,,,,,14,56,,,,,7,,,,,,,,,,,,,,,,,,,,,,,,,,,,,,,,
2017,Panoche,1.2,26,open,,,,38,29,44,,,8,,5,,,,,,,,,,,,,,,,,,,,,,,,,,,,,,,,
2017,Panoche,1.2,27,open,,,,,17,31,,,3,,16,,,,1,,,,,,,,,,,,,,,,,,,,,,,,,,,,
2017,Panoche,1.2,28,open,,,,10,7,,,,2,,6,,,,1,,,,,,,,,,,,,,,,,,,,,,,,,,,,
2017,Panoche,1.2,29,open,,,,11,19,28,,,11,,,,,2,,,,,,,,,,,,,,,,,,,,,,,,,,,,,
2017,Panoche,1.2,30,open,,,,42,37,41,,,3,,,,,3,,,,,,,,,,,,,,,,,,,,,,,,,,,,,
2017,Panoche,1.3,1,open,,,,,53,16,,,,,9,4,,,,,,,,,,,,,,,,,,,,,,,,,,,,,,,
2017,Panoche,1.3,2,open,,,,,100,18,,4,,,,2,,,,,,,,,,,,,,,,,,,,,,,,,,,,,,,
2017,Panoche,1.3,3,open,,,,,76,11,,3,,,,2,,,,,,,,,,,,,,,,,,,,,,,,,,,,,,,
2017,Panoche,1.3,4,open,,,,,77,86,,2,,,,,2,,,,,,,,,,,,,,,,,,,,,,,,,,,,,,
2017,Panoche,1.3,5,open,,,,,102,22,,2,,,,,,,,,,,,,,,,,,,,,,,,,,,,,,,,,,,
2017,Panoche,1.3,6,open,,,,,53,16,,,,,16,6,,,,,,,,,,,,,,,,,,,,,,,,,,,,,,,
2017,Panoche,1.3,7,open,,,,,100,33,,,,,,,12,,,,,,,,,,,,,,,,,,,,,,,,,,,,,,
2017,Panoche,1.3,8,open,,,,,134,80,,,,,,25,,,,,,,,,,,,,,,,,,,,,,,,,,,,,,,
2017,Panoche,1.3,9,open,,,,,186,10,,,,,,,2,,,,,,,,,,,,,,,,,,,,,,,,,,,,,,
2017,Panoche,1.3,10,open,,,,,215,,,1,,,,,,,,,,,,,,,,,,,,,,,,,,,,,,,,,,,
2017,Panoche,1.3,11,open,,,,,153,,,2,,,,,,,,,,,,,,,,,,,,,,,,,,,,,,,,,,,
2017,Panoche,1.3,12,open,,,,,127,65,,,,,,,1,,,,,,,,,,,,,,,,,,,,,,,,,,,,,,
2017,Panoche,1.3,13,open,,,,,92,63,,,,,,,1,,,,,,,,,,,,,,,,,,,,,,,,,,,,,,
2017,Panoche,1.3,14,open,,,,,174,17,,,,,,,,,1,,,,,,,,,,,,,,,,,,,,,,,,,,,,
2017,Panoche,1.3,15,open,,,,,86,95,,2,,,,,2,,,,,,,,,,,,,,,,,,,,,,,,,,,,,,
2017,Panoche,1.3,16,open,,,,,129,65,,,,,,,10,,,,,,,,,,,,,,,,,,,,,,,,,,,,,,
2017,Panoche,1.3,17,open,,,,,122,6,,,,,,,1,,,,,,,,,,,,,,,,,,,,,,,,,,,,,,
2017,Panoche,1.3,18,open,,,,,182,13,,,,,,,,,,,,,,,,,,,,,,,,,,,,,,,,,,,,,
2017,Panoche,1.3,19,open,,,,,105,99,,,,,,,2,,2,,,,,,,,,,,,,,,,,,,,,,,,,,,,
2017,Panoche,1.3,20,open,,,,,80,32,,,,,,,11,,,,,,,,,,,,,,,,,,,,,,,,,,,,,,
2017,Panoche,1.3,21,open,,,,,180,17,,,,,,,,,,,,,,,,,,,,,,,,,,,,,,,,,,,,,
2017,Panoche,1.3,22,open,,,,,109,86,,,,,,,2,,2,,,,,,,,,,,,,,,,,,,,,,,,,,,,
2017,Panoche,1.3,23,open,,,,,116,22,,2,,,,,,,,,,,,,,,,,,,,,,,,,,,,,,,,,,,
2017,Panoche,1.3,24,open,,,,,87,78,,,,,,31,,,1,,,,,,,,,,,,,,,,,,,,,,,,,,,,
2017,Panoche,1.3,25,open,,,,,149,13,,,,,,,,,1,,,,,,,,,,,,,,,,,,,,,,,,,,,,
2017,Panoche,1.3,26,open,,,,,91,62,,,,,,23,,,,,,,,,,,,,,,,,,,,,,,,,,,,,,,
2017,Panoche,1.3,27,open,,,,,176,,,1,,,,,,,,,,,,,,,,,,,,,,,,,,,,,,,,,,,
2017,Panoche,1.3,28,open,,,,,159,82,,,,,,,13,,,,,,,,,,,,,,,,,,,,,,,,,,,,,,
2017,Panoche,1.3,29,open,,,,,67,60,,,,,,29,,,1,,,,,,,,,,,,,,,,,,,,,,,,,,,,
2017,Panoche,1.3,30,open,,,,,231,,,2,,,,,,,,,,,,,,,,,,,,,,,,,,,,,,,,,,,
2017,Panoche,1.1,1,shrub,2.23,2.4,1.12,,221,,,,,,,,,,,,,,,,,,,,,,,,,,,,,,,,,,,,,,
2017,Panoche,1.1,2,shrub,2.63,2.9,1.07,,192,,,,,,,,,,,,,,,,,,,,,,,,,,,,,,,,,,,,,,
2017,Panoche,1.1,3,shrub,3.25,2.2,1.3,,167,,,,,,,,,,,,,,,,,,,,,,,,,,,,,,,,,,,,,,
2017,Panoche,1.1,4,shrub,3.05,2.5,0.9,,112,,,,,,,,,,,,,,,,,,,,,,,,,,,,,,,,,,,,,,
2017,Panoche,1.1,5,shrub,2.95,1.6,1.1,,179,,,,,,,,,,,,,,,,,,,,,,,,,,,,,,,,,,,,,,
2017,Panoche,1.1,6,shrub,2.45,2.3,1.15,,212,,,,,,,,,,,,,,,,,,,,,,,,,,,,,,,,,,,,,,
2017,Panoche,1.1,7,shrub,2.3,2.5,1.3,,241,,,,,,,,,,,,,,,,,,,,,,,,,,,,,,,,,,,,,,
2017,Panoche,1.1,8,shrub,1.6,1.45,1.3,,73,4,,,,,,,,,,,,,,,,,,,,,,,,,,,,,,,,,,,,,
2017,Panoche,1.1,9,shrub,1.8,1.4,0.9,,92,,,,,,,,,,,,,,,,,,,,,,,,,,,,,,,,,,,,,,
2017,Panoche,1.1,10,shrub,1.9,2,1.05,,211,,,,,,,,,,,,,,,,,,,,,,,,,,,,,,,,,,,,,,
2017,Panoche,1.1,11,shrub,1.85,2.05,1.1,,245,,,,,,,,,,,,,,,,,,,,,,,,,,,,,,,,,,,,,,
2017,Panoche,1.1,12,shrub,2.8,2.75,1.2,,250,,,,,,,,,,,,,,,,,,,,,,,,,,,,,,,,,,,,,,
2017,Panoche,1.1,13,shrub,1.1,1.25,0.95,,89,12,,,,,,,,,,,,,,,,,,,,,,,,,,,,,,,,,,,,,
2017,Panoche,1.1,14,shrub,3.3,1.65,1.2,,244,,,,,,,,,,,,,,,,,,,,,,,,,,,,,,,,,,,,,,
2017,Panoche,1.1,15,shrub,2.8,2.1,1.35,,264,,,,,,,,,,,,,,,,,,,,,,,,,,,,,,,,,,,,,,
2017,Panoche,1.1,16,shrub,3.1,2.85,1.25,,266,,,,,,,,,,,,,,,,,,,,,,,,,,,,,,,,,,,,,,
2017,Panoche,1.1,17,shrub,2.35,2.8,1.2,,211,,,,,,,,,,,,,,,,,,,,,,,,,,,,,,,,,,,,,,
2017,Panoche,1.1,18,shrub,3.64,4.73,1.9,,260,,,,,,,,,,,,,,,,,,,,,,,,,,,,,,,,,,,,,,
2017,Panoche,1.1,19,shrub,1.6,1.45,0.9,,170,,,,,,,,,,,,,,,,,,,,,,,,,,,,,,,,,,,,,,
2017,Panoche,1.1,20,shrub,3.39,4.24,1.8,,198,,,,,,,,,,,,,,,,,,,,,,,,,,,,,,,,,,,,,,
2017,Panoche,1.1,21,shrub,3.5,4.35,1.65,,330,,,,,,,,,,,,,,,,,,,,,,,,,,,,,,,,,,,,,,
2017,Panoche,1.1,22,shrub,2.94,2.72,1.4,,216,,,,,,,,,,,,,,,,,,,,,,,,,,,,,,,,,,,,,,
2017,Panoche,1.1,23,shrub,2.9,2.44,1.37,,296,,,,,,,,,,,,,,,,,,,,,,,,,,,,,,,,,,,,,,
2017,Panoche,1.1,24,shrub,3.59,3.05,1.1,,256,,,,,,,,,,,,,,,,,,,,,,,,,,,,,,,,,,,,,2,
2017,Panoche,1.1,25,shrub,3.05,2.88,1.59,,266,,,,,,,,,,,,,,,,,,,,,,,,,,,,,,,,,,,,,,
2017,Panoche,1.1,26,shrub,3.5,2.64,1.84,,240,,,,,,,,,,,,,,,,,,,,,,,,,,,,,,,,,,,,,,
2017,Panoche,1.1,27,shrub,2.7,3.94,1.63,,286,,,,,,,,,,,,,,,,,,,,,,,,,,,,,,,,,,,,,,
2017,Panoche,1.1,28,shrub,3.52,4.27,1.74,,217,,,,,,,,,,,,,,,,,,,,,,,,,,,,,,,,,,,,,,
2017,Panoche,1.1,29,shrub,2.13,3.73,1.31,,263,,,,,,,,,,,,,,,,,,,,,,,,,,,,,,,,,,,,,5,
2017,Panoche,1.1,30,shrub,2.53,3.16,1.37,,214,5,,,,,,,,,,,,,,,,,,,,,,,,,,,,,,,,,,,,,
2017,Panoche,1.2,1,shrub,2.49,1.8,0.87,,105,4,,,,,,,,,,,,,,,,,,,,,,,,,,,,,,,,,,,,,
2017,Panoche,1.2,2,shrub,1.98,2.31,0.63,,96,30,,,,,,,,3,,,,,,,,,,,,,,,,,,,,,,,,,,,,,
2017,Panoche,1.2,3,shrub,3.44,2.38,1.22,,137,3,,,9,,,,,,,,,,,,,,,,,,,,,,,,,,,,,,,,,,
2017,Panoche,1.2,4,shrub,2.13,3.02,0.85,9,138,34,,,,,,,,,,,,,,,,,,,,,,,,,,,,,,,,,,,,,
2017,Panoche,1.2,5,shrub,1.69,2.27,1.36,,148,,,,,,,,,,,,,,,,,,,,,,,,,,,,,,,,,,,,,,
2017,Panoche,1.2,6,shrub,1.49,2.38,0.96,7,105,17,,,,,18,,,,,,,,,,,,,,,,,,,,,,,,,,,,,,,,
2017,Panoche,1.2,7,shrub,3.22,1.89,1.25,,161,,,,,,,,,,,,,,,,,,,,,,,,,,,,,,,,,,,,,,
2017,Panoche,1.2,8,shrub,2.25,1.85,1.32,,89,,,,,,,,,,,,,,,,,,,,,,,,,,,,,,,,,,,,,,
2017,Panoche,1.2,9,shrub,2.02,2.85,1.29,,150,,,,,,,,,,,,,,,,,,,,,,,,,,,,,,,,,,,,,,
2017,Panoche,1.2,10,shrub,1.65,1.72,1.04,,115,23,,,,,,,,,1,,,,,,,,,,,,,,,,,,,,,,,,,,,,
2017,Panoche,1.2,11,shrub,1.8,1.43,1.06,,173,28,,,,,,,,,1,,,,,,,,,,,,,,,,,,,,,,,,,,,,
2017,Panoche,1.2,12,shrub,2.2,2.08,0.55,,92,28,,,,,,,,3,,,,,,,,,,,,,,,,,,,,,,,,,,,,,
2017,Panoche,1.2,13,shrub,1.8,2,1.36,,213,,,,,,,,,,,,,,,,,,,,,,,,,,,,,,,,,,,,,,
2017,Panoche,1.2,14,shrub,3.2,3.11,1.49,,102,2,,,6,,,,,,,,,,,,,,,,,,,,,,,,,,,,,,,,,,
2017,Panoche,1.2,15,shrub,3.1,2.49,1.5,,134,,,,,,,,,,,,,,,,,,,,,,,,,,,,,,,,,,,,,,
2017,Panoche,1.2,16,shrub,1.2,1.86,0.9,8,125,22,,,,,27,,,,,,,,,,,,,,,,,,,,,,,,,,,,,,,,
2017,Panoche,1.2,17,shrub,2.46,2.49,1.22,10,53,6,,,1,,,,,,,,,,,,,,,,,,,,,,,,,,,,,,,,,,
2017,Panoche,1.2,18,shrub,2.16,2.39,1.39,,207,,,,,,,,,,,,,,,,,,,,,,,,,,,,,,,,,,,,,,
2017,Panoche,1.2,19,shrub,2.26,2.07,0.87,,172,4,,,,,,,,4,,,,,,,,,,,,,,,,,,,,,,,,,,,,,
2017,Panoche,1.2,20,shrub,2.2,2.53,1.2,12,169,35,,,,,,,,,,,,,,,,,,,,,,,,,,,,,,,,,,,,,
2017,Panoche,1.2,21,shrub,2.46,2.98,1.03,,98,,,,,,,,,,,,,,,,,,,,,,,,,,,,,,,,,,,,,,
2017,Panoche,1.2,22,shrub,1.38,1.55,0.69,,183,,,,,,,,,,,,,,,,,,,,,,,,,,,,,,,,,,,,,,
2017,Panoche,1.2,23,shrub,2.12,2.93,1.43,16,99,11,,,1,,,,,,,,,,,,,,,,,,,,,,,,,,,,,,,,,,
2017,Panoche,1.2,24,shrub,2.1,3.46,1.43,,75,,,,,,,,,,,,,,,,,,,,,,,,,,,,,,,,,,,,,,
2017,Panoche,1.2,25,shrub,2.58,3.08,1.32,,165,,,,,,,,,,,,,,,,,,,,,,,,,,,,,,,,,,,,,,
2017,Panoche,1.2,26,shrub,1.87,1.27,0.99,,179,,,,,,,,,,,,,,,,,,,,,,,,,,,,,,,,,,,,,,
2017,Panoche,1.2,27,shrub,2.1,2.02,1.31,,112,,,,,,,,,,,,,,,,,,,,,,,,,,,,,,,,,,,,,,
2017,Panoche,1.2,28,shrub,2.26,1.49,1.01,,167,4,,,,,,,,4,,,,,,,,,,,,,,,,,,,,,,,,,,,,,
2017,Panoche,1.2,29,shrub,2.34,1.77,0.82,,210,,,,,,,,,,,,,,,,,,,,,,,,,,,,,,,,,,,,,,
2017,Panoche,1.2,30,shrub,2.13,1.94,1.3,,97,4,,,,,,,,,,,,,,,,,,,,,,,,,,,,,,,,,,,,,
2017,Panoche,1.3,1,shrub,4.64,3.87,1.64,,235,,,,,,,,,,,,,,,,,,,,,,,,,,,,,,,,,,,,,,
2017,Panoche,1.3,2,shrub,3.36,2.57,1.59,,198,,,,,,,,,,,,,,,,,,,,,,,,,,,,,,,,,,,,,,
2017,Panoche,1.3,3,shrub,4.26,2.17,1.76,,229,,,,,,,,,,,,,,,,,,,,,,,,,,,,,,,,,,,,,,
2017,Panoche,1.3,4,shrub,1.37,1.08,0.58,,251,,,,,,,,,,,,,,,,,,,,,,,,,,,,,,,,,,,,,,
2017,Panoche,1.3,5,shrub,3.47,2.51,1.41,,232,,,,,,,,,,,,,,,,,,,,,,,,,,,,,,,,,,,,,,
2017,Panoche,1.3,6,shrub,4.44,4,1.96,,196,,,,,,,,,,,,,,,,,,,,,,,,,,,,,,,,,,,,,,
2017,Panoche,1.3,7,shrub,2.55,1.97,1.17,,237,,,1,,,,,,,,,,,,,,,,,,,,,,,,,,,,,,,,,,,
2017,Panoche,1.3,8,shrub,2.46,2.17,1.81,,278,,,,,,,,,,,,,,,,,,,,,,,,,,,,,,,,,,,,,,
2017,Panoche,1.3,9,shrub,1.58,1.98,1.21,,246,,,,,,,,,,,,,,,,,,,,,,,,,,,,,,,,,,,,,,
2017,Panoche,1.3,10,shrub,5.64,4.82,2.48,,296,,,,,,,,,,,,,,,,,,,,,,,,,,,,,,,,,,,,,,
2017,Panoche,1.3,11,shrub,2.42,2.59,1.72,,244,,,,,,,,,,,,,,,,,,,,,,,,,,,,,,,,,,,,,,
2017,Panoche,1.3,12,shrub,3.87,4.73,1.68,,191,,,,,,,,,,,,,,,,,,,,,,,,,,,,,,,,,,,,,,
2017,Panoche,1.3,13,shrub,4.72,4.07,1.84,,214,,,,,,,,,,,,,,,,,,,,,,,,,,,,,,,,,,,,,,
2017,Panoche,1.3,14,shrub,2.57,3.55,1.69,,134,,,15,,,,,,,,,,,,,,,,,,,,,,,,,,,,,,,,,,,
2017,Panoche,1.3,15,shrub,2.01,1.48,0.55,,161,,,,,,,,,,,,,,,,,,,,,,,,,,,,,,,,,,,,,,
2017,Panoche,1.3,16,shrub,2.97,3.2,1.43,,231,,,,,,,,,,,,,,,,,,,,,,,,,,,,,,,,,,,,,,
2017,Panoche,1.3,17,shrub,1.91,1.84,1.21,,259,,,,,,,,,,,,,,,,,,,,,,,,,,,,,,,,,,,,,,
2017,Panoche,1.3,18,shrub,4.86,4.55,1.57,,347,,,,,,,,,,,,,,,,,,,,,,,,,,,,,,,,,,,,,,
2017,Panoche,1.3,19,shrub,1.68,3.26,0.89,,233,,,,,,,,,,,,,,,,,,,,,,,,,,,,,,,,,,,,,,
2017,Panoche,1.3,20,shrub,2.81,2.64,0.92,,173,,,1,,,,,,,,,,,,,,,,,,,,,,,,,,,,,,,,,,,
2017,Panoche,1.3,21,shrub,3.49,3.64,1.57,,204,,,,,,,,,,,,,,,,,,,,,,,,,,,,,,,,,,,,,,
2017,Panoche,1.3,22,shrub,1.53,3.38,0.69,,206,,,,,,,,,,,,,,,,,,,,,,,,,,,,,,,,,,,,,,
2017,Panoche,1.3,23,shrub,3.93,2.61,1.17,,312,,,,,,,,,,,,,,,,,,,,,,,,,,,,,,,,,,,,,,
2017,Panoche,1.3,24,shrub,3.21,2.79,1.52,,149,,31,,,,,,,,,,,,,,,,,,,,,,,,,,,,,,,,,,,,
2017,Panoche,1.3,25,shrub,2.48,2.81,1.62,,132,,,20,,,,,,,,,,,,,,,,,,,,,,,,,,,,,,,,,,,
2017,Panoche,1.3,26,shrub,3.61,1.98,1.8,,301,,,,,,,,,,,,,,,,,,,,,,,,,,,,,,,,,,,,,,
2017,Panoche,1.3,27,shrub,5.64,6.03,2.07,,312,,,,,,,,,,,,,,,,,,,,,,,,,,,,,,,,,,,,,,
2017,Panoche,1.3,28,shrub,2.86,3.55,1.36,,169,,,,,,,,,,,,,,,,,,,,,,,,,,,,,,,,,,,,,,
2017,Panoche,1.3,29,shrub,3.34,2.57,1.22,,140,,29,,,,,,,,,,,,,,,,,,,,,,,,,,,,,,,,,,,,
2017,Panoche,1.3,30,shrub,2.2,2.17,1.36,,220,,,,,,,,,,,,,,,,,,,,,,,,,,,,,,,,,,,,,,
2016,Panoche,1.3,1,open,,,,,87,13,,4,,,,2,,,,,,,,,,,,,,,,,,,,,,,,,,,,,,,
2016,Panoche,1.3,2,open,,,,,127,86,,,,,,32,,,,,,,,,,,,,,,,,,,,,,,,,,,,,,,
2016,Panoche,1.3,3,open,,,,,81,90,,2,,,,,2,,,,,,,,,,,,,,,,,,,,,,,,,,,,,,
2016,Panoche,1.3,4,open,,,,,196,18,,,,,,,,,,,,,,,,,,,,,,,,,,,,,,,,,,,,,
2016,Panoche,1.3,5,open,,,,,146,75,,,,,,,12,,,,,,,,,,,,,,,,,,,,,,,,,,,,,,
2016,Panoche,1.3,6,open,,,,,104,98,,,,,,,2,,2,,,,,,,,,,,,,,,,,,,,,,,,,,,,
2016,Panoche,1.3,7,open,,,,,242,,,1,,,,,,,,,,,,,,,,,,,,,,,,,,,,,,,,,,,
2016,Panoche,1.3,8,open,,,,,228,,,1,,,,,,,,,,,,,,,,,,,,,,,,,,,,,,,,,,,
2016,Panoche,1.3,9,open,,,,,100,33,,,,,,,12,,,,,,,,,,,,,,,,,,,,,,,,,,,,,,
2016,Panoche,1.3,10,open,,,,,90,36,,,,,,,12,,,,,,,,,,,,,,,,,,,,,,,,,,,,,,
2016,Panoche,1.3,11,open,,,,,73,65,,,,,,32,,,1,,,,,,,,,,,,,,,,,,,,,,,,,,,,
2016,Panoche,1.3,12,open,,,,,103,81,,,,,,,2,,2,,,,,,,,,,,,,,,,,,,,,,,,,,,,
2016,Panoche,1.3,13,open,,,,,134,68,,,,,,,10,,,,,,,,,,,,,,,,,,,,,,,,,,,,,,
2016,Panoche,1.3,14,open,,,,,160,16,,,,,,,,,1,,,,,,,,,,,,,,,,,,,,,,,,,,,,
2016,Panoche,1.3,15,open,,,,,65,20,,,,,25,7,,,,,,,,,,,,,,,,,,,,,,,,,,,,,,,
2016,Panoche,1.3,16,open,,,,,186,16,,,,,,,,,1,,,,,,,,,,,,,,,,,,,,,,,,,,,,
2016,Panoche,1.3,17,open,,,,,182,10,,,,,,,2,,,,,,,,,,,,,,,,,,,,,,,,,,,,,,
2016,Panoche,1.3,18,open,,,,,120,61,,,,,,,1,,,,,,,,,,,,,,,,,,,,,,,,,,,,,,
2016,Panoche,1.3,19,open,,,,,85,94,,2,,,,,2,,,,,,,,,,,,,,,,,,,,,,,,,,,,,,
2016,Panoche,1.3,20,open,,,,,91,16,,4,,,,2,,,,,,,,,,,,,,,,,,,,,,,,,,,,,,,
2016,Panoche,1.3,21,open,,,,,73,22,,,,,22,6,,,,,,,,,,,,,,,,,,,,,,,,,,,,,,,
2016,Panoche,1.3,22,open,,,,,161,31,,3,,,,,,,,,,,,,,,,,,,,,,,,,,,,,,,,,,,
2016,Panoche,1.3,23,open,,,,,81,73,,,,,,29,,,1,,,,,,,,,,,,,,,,,,,,,,,,,,,,
2016,Panoche,1.3,24,open,,,,,146,87,,,,,,27,,,,,,,,,,,,,,,,,,,,,,,,,,,,,,,
2016,Panoche,1.3,25,open,,,,,140,30,,3,,,,,,,,,,,,,,,,,,,,,,,,,,,,,,,,,,,
2016,Panoche,1.3,26,open,,,,,186,,,2,,,,,,,,,,,,,,,,,,,,,,,,,,,,,,,,,,,
2016,Panoche,1.3,27,open,,,,,104,72,,,,,,,1,,,,,,,,,,,,,,,,,,,,,,,,,,,,,,
2016,Panoche,1.3,28,open,,,,,228,16,,,,,,,,,,,,,,,,,,,,,,,,,,,,,,,,,,,,,
2016,Panoche,1.3,29,open,,,,,174,9,,,,,,,2,,,,,,,,,,,,,,,,,,,,,,,,,,,,,,
2016,Panoche,1.3,30,open,,,,,216,,,2,,,,,,,,,,,,,,,,,,,,,,,,,,,,,,,,,,,
2016,Panoche,1.2,1,open,,,,,7,47,,,8,,6,,,,,,,,,,,,,,,,,,,,,,,,,,,,,,,,
2016,Panoche,1.2,2,open,,,,,10,16,,,2,,26,,,,,,,,,,,,,,,,,,,,,,,,,,,,,,,,
2016,Panoche,1.2,3,open,,,,11,18,46,,,4,,,,,,,,,,,,,,,,,,,,,,,,,,,,,,,,,,
2016,Panoche,1.2,4,open,,,,,22,18,,,,,28,,,2,,,,,,,,,,,,,,,,,,,,,,,,,,,,,
2016,Panoche,1.2,5,open,,,,,16,29,,,3,,15,,,,1,,,,,,,,,,,,,,,,,,,,,,,,,,,,
2016,Panoche,1.2,6,open,,,,10,12,21,,,,,28,,,3,2,,,,,,,,,,,,,,,,,,,,,,,,,,,,
2016,Panoche,1.2,7,open,,,,8,13,18,,,,,41,,,2,,,,,,,,,,,,,,,,,,,,,,,,,,,,,
2016,Panoche,1.2,8,open,,,,10,14,20,,,,,35,,,2,,,,,,,,,,,,,,,,,,,,,,,,,,,,,
2016,Panoche,1.2,9,open,,,,15,29,29,,,13,,,,,2,,,,,,,,,,,,,,,,,,,,,,,,,,,,,
2016,Panoche,1.2,10,open,,,,13,23,34,,,14,,,,,2,,,,,,,,,,,,,,,,,,,,,,,,,,,,,
2016,Panoche,1.2,11,open,,,,52,47,,,,3,,,,,3,,,,,,,,,,,,,,,,,,,,,,,,,,,,,
2016,Panoche,1.2,12,open,,,,10,9,20,,,,,30,,,3,2,,,,,,,,,,,,,,,,,,,,,,,,,,,,
2016,Panoche,1.2,13,open,,,,,18,29,,,2,,17,,,,1,,,,,,,,,,,,,,,,,,,,,,,,,,,,
2016,Panoche,1.2,14,open,,,,,17,38,,,5,,18,,,,,,,,,,,,,,,,,,,,,,,,,,,,,,,,
2016,Panoche,1.2,15,open,,,,,14,57,,,,,7,,,,,,,,,,,,,,,,,,,,,,,,,,,,,,,,
2016,Panoche,1.2,16,open,,,,,16,43,,,5,,18,,,,,,,,,,,,,,,,,,,,,,,,,,,,,,,,
2016,Panoche,1.2,17,open,,,,42,47,43,,,3,,,,,3,,,,,,,,,,,,,,,,,,,,,,,,,,,,,
2016,Panoche,1.2,18,open,,,,14,12,,,,3,,10,,,,2,,,,,,,,,,,,,,,,,,,,,,,,,,,,
2016,Panoche,1.2,19,open,,,,10,16,49,,,5,,,,,,,,,,,,,,,,,,,,,,,,,,,,,,,,,,
2016,Panoche,1.2,20,open,,,,,7,44,,,8,,8,,,,,,,,,,,,,,,,,,,,,,,,,,,,,,,,
2016,Panoche,1.2,21,open,,,,,16,62,,,,,8,,,,,,,,,,,,,,,,,,,,,,,,,,,,,,,,
2016,Panoche,1.2,22,open,,,,10,18,17,,,,,33,,,3,,,,,,,,,,,,,,,,,,,,,,,,,,,,,
2016,Panoche,1.2,23,open,,,,49,55,,,,3,,,,,3,,,,,,,,,,,,,,,,,,,,,,,,,,,,,
2016,Panoche,1.2,24,open,,,,,9,17,,,2,,21,,,,,,,,,,,,,,,,,,,,,,,,,,,,,,,,
2016,Panoche,1.2,25,open,,,,12,16,20,,,,,31,,,3,,,,,,,,,,,,,,,,,,,,,,,,,,,,,
2016,Panoche,1.2,26,open,,,,38,29,44,,,8,,5,,,,,,,,,,,,,,,,,,,,,,,,,,,,,,,,
2016,Panoche,1.2,27,open,,,,14,10,,,,3,,9,,,,2,,,,,,,,,,,,,,,,,,,,,,,,,,,,
2016,Panoche,1.2,28,open,,,,,23,21,,,,,24,,,2,,,,,,,,,,,,,,,,,,,,,,,,,,,,,
2016,Panoche,1.2,29,open,,,,48,42,47,,,3,,,,,3,,,,,,,,,,,,,,,,,,,,,,,,,,,,,
2016,Panoche,1.2,30,open,,,,33,29,49,,,9,,5,,,,,,,,,,,,,,,,,,,,,,,,,,,,,,,,
2016,Panoche,1.1,1,open,,,,,31,114,,,,,,,,,,,3,,,,,,,,,,,,,,,,,,,,,,,,,,
2016,Panoche,1.1,2,open,,,,,136,67,,,,,,,,,,,,,,,,,,,,,,,,,,,,,,,,,,,,,
2016,Panoche,1.1,3,open,,,,13,43,97,,,,,,,,,,,,,,,,,,,,,,,,,,,,,,,,,,,,,
2016,Panoche,1.1,4,open,,,,,187,176,,,,,,,,,,,,,,,,,,,,,,,,,,,,,,,,,,,,,
2016,Panoche,1.1,5,open,,,,,127,182,,,,,,,,,,,,,,,,,,,,,,,,,,,,,,,,,,,,,
2016,Panoche,1.1,6,open,,,,,113,173,,,,,,,,,,,,,,,,,,,,,,,,,,,,,,,,,,,,,
2016,Panoche,1.1,7,open,,,,,163,148,,,,,,,,,,,,,,,,,,,,,,,,,,,,,,,,,,,,,
2016,Panoche,1.1,8,open,,,,,26,39,,,,,,,,,3,,,,,,,,,,,,,,,,,,,,,,,,,,,,
2016,Panoche,1.1,9,open,,,,,126,87,,,,,,,,,,,,,,,,,,,,,,,,,,,,,,,,,,,,,
2016,Panoche,1.1,10,open,,,,,62,72,,,,,,,,,,,,,,,,,,,,,,,,,,,,,,,,,,,,,
2016,Panoche,1.1,11,open,,,,,84,72,,,,,,,,,,,,,,,,,,,,,,,,,,,,,,,,,,,,,
2016,Panoche,1.1,12,open,,,,,127,92,,,,,,,,,,,,,,,,,,,,,,,,,,,,,,,,,,,,,
2016,Panoche,1.1,13,open,,,,,102,167,,,,,,,,,2,,,,,,,,,,,,,,,,,,,,,,,,,,,,
2016,Panoche,1.1,14,open,,,,,82,3,,,,,,,,,,,,,,,,,,,,,,,,,,,,,,,,,,,,,
2016,Panoche,1.1,15,open,,,,,105,173,,,,,,,,,,,,,,,,,,,,,,,,,,,,,,,,,,,,,
2016,Panoche,1.1,16,open,,,,,142,91,,,,,,,,,,2,,,7,,,,,,,,,,,,,,,,,,,,,,,,
2016,Panoche,1.1,17,open,,,,,62,33,,,,,,,,,,,,,,,,,,,,,,,,,,,,,,,,,,,,,
2016,Panoche,1.1,18,open,,,,,200,62,,,,,,,,,,,,,,,,,,,,,,,,,,,,,,,,,,,,,
2016,Panoche,1.1,19,open,,,,,61,53,,,,,,,,,,,,,,,,,,,,,,,,,,,,,,,,,,,,,
2016,Panoche,1.1,20,open,,,,,168,75,,,,,,,,,,,,,,,,,,,,,,,,,,,,,,,,,,,,,
2016,Panoche,1.1,21,open,,,,,173,62,,,,,,,,,,,,,57,,,,,,,,,,,,,,,,,,,,,,,,
2016,Panoche,1.1,22,open,,,,,63,169,,,,,,,,,,,,,38,,,,,,,,,,,,,,,,,,,,,,,,
2016,Panoche,1.1,23,open,,,,,147,80,,,,,,,,,,,,,28,,,,,,,,,,,,,,,,,,,,,,,,
2016,Panoche,1.1,24,open,,,,,87,67,,,,,,,,,,,,,12,,,,,,,,,,,,,,,,,,,,,,,,
2016,Panoche,1.1,25,open,,,,,36,117,,,,,,,,,,,,,16,,,,,,,,,,,,,,,,,,,,,,,,
2016,Panoche,1.1,26,open,,,,,115,147,,,,,,,,,,,,,2,,,,,,,,,,,,,,,,,,,,,,,,
2016,Panoche,1.1,27,open,,,,,174,92,,,,,,,,,,,,,,,,,,,,,,,,,,,,,,,,,,,,,
2016,Panoche,1.1,28,open,,,,,162,48,,,,,,,,,,,,,,,,,,,,,,,,,,,,,,,,,,,,,
2016,Panoche,1.1,29,open,,,,,87,37,,,,,,,,,,2,,,,,,,,,,,,,,,,,,,,,,,,,,,
2016,Panoche,1.1,30,open,,,,,153,46,,,,,,,,,,3,,,,,,,,,,,,,,,,,,,,,,,,,,,
2016,Panoche,1.3,1,shrub,3.77,2.38,1.59,,263,,,,,,,,,,,,,,,,,,,,,,,,,,,,,,,,,,,,,,
2016,Panoche,1.3,2,shrub,3.22,2.38,1.84,,276,,,,,,,,,,,,,,,,,,,,,,,,,,,,,,,,,,,,,,
2016,Panoche,1.3,3,shrub,1.95,1.3,0.59,,217,,,,,,,,,,,,,,,,,,,,,,,,,,,,,,,,,,,,,,
2016,Panoche,1.3,4,shrub,4.21,4.39,1.71,,283,,,,,,,,,,,,,,,,,,,,,,,,,,,,,,,,,,,,,,
2016,Panoche,1.3,5,shrub,3.41,3.17,1.55,,241,,,,,,,,,,,,,,,,,,,,,,,,,,,,,,,,,,,,,,
2016,Panoche,1.3,6,shrub,2.07,3.2,0.76,,250,,,,,,,,,,,,,,,,,,,,,,,,,,,,,,,,,,,,,,
2016,Panoche,1.3,7,shrub,4.78,6.03,2.25,,277,,,,,,,,,,,,,,,,,,,,,,,,,,,,,,,,,,,,,,
2016,Panoche,1.3,8,shrub,5.76,5.43,2.16,,289,,,,,,,,,,,,,,,,,,,,,,,,,,,,,,,,,,,,,,
2016,Panoche,1.3,9,shrub,2.55,2.27,0.98,,244,,,1,,,,,,,,,,,,,,,,,,,,,,,,,,,,,,,,,,,
2016,Panoche,1.3,10,shrub,2.4,2.72,1.04,,222,,,1,,,,,,,,,,,,,,,,,,,,,,,,,,,,,,,,,,,
2016,Panoche,1.3,11,shrub,2.9,3.17,1.51,,169,,35,,,,,,,,,,,,,,,,,,,,,,,,,,,,,,,,,,,,
2016,Panoche,1.3,12,shrub,1.66,3.1,0.8,,215,,,,,,,,,,,,,,,,,,,,,,,,,,,,,,,,,,,,,,
2016,Panoche,1.3,13,shrub,2.83,3.68,1.63,,212,,,,,,,,,,,,,,,,,,,,,,,,,,,,,,,,,,,,,,
2016,Panoche,1.3,14,shrub,3.02,3.23,1.74,,164,,,18,,,,,,,,,,,,,,,,,,,,,,,,,,,,,,,,,,,
2016,Panoche,1.3,15,shrub,4.15,3.51,1.85,,254,,,,,,,,,,,,,,,,,,,,,,,,,,,,,,,,,,,,,,
2016,Panoche,1.3,16,shrub,2.99,2.84,1.9,,137,,,21,,,,,,,,,,,,,,,,,,,,,,,,,,,,,,,,,,,
2016,Panoche,1.3,17,shrub,1.65,1.77,1.37,,270,,,,,,,,,,,,,,,,,,,,,,,,,,,,,,,,,,,,,,
2016,Panoche,1.3,18,shrub,3.99,4.08,1.6,,254,,,,,,,,,,,,,,,,,,,,,,,,,,,,,,,,,,,,,,
2016,Panoche,1.3,19,shrub,1.65,1.16,0.62,,241,,,,,,,,,,,,,,,,,,,,,,,,,,,,,,,,,,,,,,
2016,Panoche,1.3,20,shrub,3.43,2.73,1.83,,268,,,,,,,,,,,,,,,,,,,,,,,,,,,,,,,,,,,,,,
2016,Panoche,1.3,21,shrub,4.11,3.28,1.95,,267,,,,,,,,,,,,,,,,,,,,,,,,,,,,,,,,,,,,,,
2016,Panoche,1.3,22,shrub,3.97,2.23,1.35,,286,,,,,,,,,,,,,,,,,,,,,,,,,,,,,,,,,,,,,,
2016,Panoche,1.3,23,shrub,3.28,2.85,1.75,,186,,39,,,,,,,,,,,,,,,,,,,,,,,,,,,,,,,,,,,,
2016,Panoche,1.3,24,shrub,2.64,2.26,1.9,,312,,,,,,,,,,,,,,,,,,,,,,,,,,,,,,,,,,,,,,
2016,Panoche,1.3,25,shrub,3.34,2.35,1.48,,286,,,,,,,,,,,,,,,,,,,,,,,,,,,,,,,,,,,,,,
2016,Panoche,1.3,26,shrub,2.47,2.91,1.67,,222,,,,,,,,,,,,,,,,,,,,,,,,,,,,,,,,,,,,,,
2016,Panoche,1.3,27,shrub,4.07,4.9,1.66,,246,,,,,,,,,,,,,,,,,,,,,,,,,,,,,,,,,,,,,,
2016,Panoche,1.3,28,shrub,4.42,4.17,1.85,,334,,,,,,,,,,,,,,,,,,,,,,,,,,,,,,,,,,,,,,
2016,Panoche,1.3,29,shrub,1.72,2,1.19,,278,,,,,,,,,,,,,,,,,,,,,,,,,,,,,,,,,,,,,,
2016,Panoche,1.3,30,shrub,2.42,2.47,1.4,,268,,,,,,,,,,,,,,,,,,,,,,,,,,,,,,,,,,,,,,
2016,Panoche,1.2,1,shrub,2.08,2.66,1.09,14,216,42,,,,,,,,,,,,,,,,,,,,,,,,,,,,,,,,,,,,,
2016,Panoche,1.2,2,shrub,2.76,2.7,1.26,,143,3,,,8,,,,,,,,,,,,,,,,,,,,,,,,,,,,,,,,,,
2016,Panoche,1.2,3,shrub,1.59,1.29,1,,166,25,,,,,,,,,1,,,,,,,,,,,,,,,,,,,,,,,,,,,,
2016,Panoche,1.2,4,shrub,2.68,2.33,1.16,,216,,,,,,,,,,,,,,,,,,,,,,,,,,,,,,,,,,,,,,
2016,Panoche,1.2,5,shrub,1.86,2,1.34,,118,,,,,,,,,,,,,,,,,,,,,,,,,,,,,,,,,,,,,,
2016,Panoche,1.2,6,shrub,2.59,2.76,1.43,15,92,10,,,1,,,,,,,,,,,,,,,,,,,,,,,,,,,,,,,,,,
2016,Panoche,1.2,7,shrub,2.82,3.11,1.26,,192,,,,,,,,,,,,,,,,,,,,,,,,,,,,,,,,,,,,,,
2016,Panoche,1.2,8,shrub,2.64,2.85,1.34,,241,,,,,,,,,,,,,,,,,,,,,,,,,,,,,,,,,,,,,,
2016,Panoche,1.2,9,shrub,2.01,1.94,1.16,,186,,,,,,,,,,,,,,,,,,,,,,,,,,,,,,,,,,,,,,
2016,Panoche,1.2,10,shrub,1.97,2.06,1.01,,216,,,,,,,,,,,,,,,,,,,,,,,,,,,,,,,,,,,,,,
2016,Panoche,1.2,11,shrub,2.7,3.2,1.14,,92,,,,,,,,,,,,,,,,,,,,,,,,,,,,,,,,,,,,,,
2016,Panoche,1.2,12,shrub,2.1,2.26,1.16,14,74,9,,,1,,,,,,,,,,,,,,,,,,,,,,,,,,,,,,,,,,
2016,Panoche,1.2,13,shrub,1.97,2.28,1.29,,100,,,,,,,,,,,,,,,,,,,,,,,,,,,,,,,,,,,,,,
2016,Panoche,1.2,14,shrub,2.41,2.33,0.64,,91,29,,,,,,,,3,,,,,,,,,,,,,,,,,,,,,,,,,,,,,
2016,Panoche,1.2,15,shrub,2.55,3.21,1.21,,181,,,,,,,,,,,,,,,,,,,,,,,,,,,,,,,,,,,,,,
2016,Panoche,1.2,16,shrub,1.98,2.14,0.53,,87,26,,,,,,,,3,,,,,,,,,,,,,,,,,,,,,,,,,,,,,
2016,Panoche,1.2,17,shrub,2.44,1.98,1.02,,150,5,,,,,,,,,,,,,,,,,,,,,,,,,,,,,,,,,,,,,
2016,Panoche,1.2,18,shrub,2.04,1.97,0.98,,159,4,,,,,,,,4,,,,,,,,,,,,,,,,,,,,,,,,,,,,,
2016,Panoche,1.2,19,shrub,1.75,1.55,0.97,,148,29,,,,,,,,,1,,,,,,,,,,,,,,,,,,,,,,,,,,,,
2016,Panoche,1.2,20,shrub,2.39,2.8,1.04,12,187,46,,,,,,,,,,,,,,,,,,,,,,,,,,,,,,,,,,,,,
2016,Panoche,1.2,21,shrub,2.38,3.28,1.25,,211,,,,,,,,,,,,,,,,,,,,,,,,,,,,,,,,,,,,,,
2016,Panoche,1.2,22,shrub,1.22,2.14,1.11,8,118,21,,,,,25,,,,,,,,,,,,,,,,,,,,,,,,,,,,,,,,
2016,Panoche,1.2,23,shrub,2.19,3.01,1.35,,87,,,,,,,,,,,,,,,,,,,,,,,,,,,,,,,,,,,,,,
2016,Panoche,1.2,24,shrub,3.31,2.48,1.05,,140,3,,,9,,,,,,,,,,,,,,,,,,,,,,,,,,,,,,,,,,
2016,Panoche,1.2,25,shrub,1.33,2.33,0.94,8,127,20,,,,,22,,,,,,,,,,,,,,,,,,,,,,,,,,,,,,,,
2016,Panoche,1.2,26,shrub,1.61,1.4,0.89,,225,,,,,,,,,,,,,,,,,,,,,,,,,,,,,,,,,,,,,,
2016,Panoche,1.2,27,shrub,1.88,1.79,1,,178,4,,,,,,,,4,,,,,,,,,,,,,,,,,,,,,,,,,,,,,
2016,Panoche,1.2,28,shrub,2.2,1.98,1.28,,229,,,,,,,,,,,,,,,,,,,,,,,,,,,,,,,,,,,,,,
2016,Panoche,1.2,29,shrub,2.32,1.64,1.09,,138,5,,,,,,,,,,,,,,,,,,,,,,,,,,,,,,,,,,,,,
2016,Panoche,1.2,30,shrub,1.39,1.4,0.82,,230,,,,,,,,,,,,,,,,,,,,,,,,,,,,,,,,,,,,,,
2016,Panoche,1.1,1,shrub,3.15,3.58,1.38,,50,84,,,,,,,,,5,,,,,,,,,,,,,,,,,,,,,,,,,,,,
2016,Panoche,1.1,2,shrub,1.78,1.7,0.89,,139,100,,,,,,,,,2,,,,,,,,,,,,,,,,,,,,,,,,,,,,
2016,Panoche,1.1,3,shrub,4.27,3.53,1.88,20,200,61,,,,,,,,,2,,,,,,,,,,,,,,,,,,,,,,,,,,,,
2016,Panoche,1.1,4,shrub,4.04,3.96,1.49,,200,1,,,,,,,,,,,,,,,,,,,,,,,,,,,,,,,,,,,,,
2016,Panoche,1.1,5,shrub,3.94,4.24,1.88,,83,46,,,,,,,,,,5,,,,,,,,,,,,,,,,,,,,,,,,,,,
2016,Panoche,1.1,6,shrub,4.34,5.28,2.15,,200,1,,,,,,,,,,,,,4,,,,,,,,,,,,,,,,,,,,,,,,
2016,Panoche,1.1,7,shrub,5.23,4.06,1.83,,62,70,,,,,,,,,,,,,,,,,,,,,,,,,,,,,,,,,,,,,
2016,Panoche,1.1,8,shrub,1.94,1.41,0.99,15,153,128,,,,,,,,,,,,,,,,,,,,,,,,,,,,,,,,,,,,,
2016,Panoche,1.1,9,shrub,4.17,4.37,1.54,47,78,31,,,,,,,,,,,,,,,,,,,,,,,,,,,,,,,,,,,,,
2016,Panoche,1.1,10,shrub,4.62,4.26,1.53,,32,67,,,,,,,,,,,1,,,,,,,,,,,,,,,,,,,,,,,,,,
2016,Panoche,1.1,11,shrub,5.27,4.5,1.73,,200,,,,,,,,,,,,,,,,,,,,,,,,,,,,,,,,,,,,,,
2016,Panoche,1.1,12,shrub,5.2,4.89,1.57,,91,57,,,,,,,,,,,,,,,,,,,,,,,,,,,,,,,,,,,,,
2016,Panoche,1.1,13,shrub,0.8,6.28,1.73,,78,42,,,,,,,,,,,,,,,,,,,,,,,,,,,,,,,,,,,,,
2016,Panoche,1.1,14,shrub,4.67,3.6,1.89,,84,75,,,,,,,,,,3,,,,,,,,,,,,,,,,,,,,,,,,,,,
2016,Panoche,1.1,15,shrub,4.2,3.62,2.2,3,61,54,,,,,,,,,,,,,,,,,,,,,,,,,,,,,,,,,,,,,
2016,Panoche,1.1,16,shrub,4.68,3.72,1.64,,200,42,,,,,,,,,,6,,,,,,,,,,,,,,,,,,,,,,,,,,,
2016,Panoche,1.1,17,shrub,3.31,3.26,1.32,,120,65,,,,,,,,,,1,,,43,,,,,,,,,,,,,,,,,,,,,,,,
2016,Panoche,1.1,18,shrub,4.88,3.13,1.75,,22,16,,,,,,,,,,,,,,,,,,,,,,,,,,,,,,,,,,,,,
2016,Panoche,1.1,19,shrub,4.63,3.45,2.2,,45,38,,,,,,,,,1,,,,,,,,,,,,,,,,,,,,,,,,,,,,
2016,Panoche,1.1,20,shrub,2.84,2.2,1.26,,200,,,,,,,,,,,,,,,,,,,,,,,,,,,,,,,,,,,,,,
2016,Panoche,1.1,21,shrub,3.52,2.64,1.46,7,39,17,,,,,,,,,,,,,,,,,,,,,,,,,,,,,,,,,,,,,
2016,Panoche,1.1,22,shrub,3.2,3.5,1.6,,72,46,,,,,,,,,,1,,,,,,,,,,,,,,,,,,,,,,,,,,,
2016,Panoche,1.1,23,shrub,3.94,2.98,1.42,,70,47,,,,,,,,,,5,,,,,,,,,,,,,,,,,,,,,,,,,,,
2016,Panoche,1.1,24,shrub,3.48,2.54,1.63,,200,22,,,,,,,,,,,,,,,,,,,,,,,,,,,,,,,,,,,,,
2016,Panoche,1.1,25,shrub,3.7,3.2,1.14,,21,38,,,,,,,,,,1,,,,,,,,,,,,,,,,,,,,,,,,,,,
2016,Panoche,1.1,26,shrub,1.54,1.2,0.72,,92,45,,,,,,,,,,7,,,25,,,,,,,,,,,,,,,,,,,,,,,,
2016,Panoche,1.1,27,shrub,2.77,2.66,1.47,,107,53,,,,,,,,,,3,,,,,,,,,,,,,,,,,,,,,,,,,,,
2016,Panoche,1.1,28,shrub,3.76,2.32,1.12,,79,37,,,,,,,,,,,,,,,,,,,,,,,,,,,,,,,,,,,,,
2016,Panoche,1.1,29,shrub,2.12,2.04,0.77,,92,15,,,,,,,,,,1,,1,,,,,,,,,,,,,,,,,,,,,,,,,
2016,Panoche,1.1,30,shrub,3.49,3.37,1.56,,65,19,,,,,,,,,,,,,,,,,,,,,,,,,,,,,,,,,,,,,
2015,Panoche,1.3,1,open,,,,,145,110,,,1,,,,,,,,,,,,,,,,,,,,,,,,,,,,,,,,,,
2015,Panoche,1.3,2,open,,,,,115,35,,20,,,,,,,,,,,,,,,,,,,,,,,,,,,,,,,,,,,
2015,Panoche,1.3,3,open,,,,,70,50,4,2,,,,,,,,,,,,,,,,,,,,,,,,,,,,,,,,,,,
2015,Panoche,1.3,4,open,,,,,175,,,,,,,,,,,,,,,,,,,,,,,,,,,,,,,,,,,,,,
2015,Panoche,1.3,5,open,,,,,88,48,,,,,,,,,,,,,,,,,,,,,,,,,,,,,,,,,,,,,
2015,Panoche,1.3,6,open,,,,,96,,,,,,,,,,,,,,,,,,,,,,,,,,,,,,,,,,,,,,
2015,Panoche,1.3,7,open,,,,,110,42,,,,,,,,,,,,,,,,,,,,,,,,,,,,,,,,,,,,,
2015,Panoche,1.3,8,open,,,,,90,84,,1,,,,,,,,,,,,,,,,,,,,,,,,,,,,,,,,,,,
2015,Panoche,1.3,9,open,,,,,90,72,5,3,,,,,,,,,,,,,,,,,,,,,,,,,,,,,,,,,,,
2015,Panoche,1.3,10,open,,,,,112,44,,,,,,,,,,,,,,,,,,,,,,,,,,,,,,,,,,,,,
2015,Panoche,1.3,11,open,,,,,172,16,,,,,,,,,,,,,,,,,,,,,,,,,,,,,,,,,,,,,
2015,Panoche,1.3,12,open,,,,,144,64,,,,,,,,,,,,,,,,,,,,,,,,,,,,,,,,,,,,,
2015,Panoche,1.3,13,open,,,,,62,48,,,3,,,,,,,,,,,,,,,,,,,,,,,,,,,,,,,,,,
2015,Panoche,1.3,14,open,,,,,170,52,,,,,,,,,,,,,,,,,,,,,,,,,,,,,,,,,,,,,
2015,Panoche,1.3,15,open,,,,,60,74,,,13,,,,,,,,,,,,,,,,,,,,,,,,,,,,,,,,,,
2015,Panoche,1.2,1,open,,,,60,3,6,,,2,,,,,,,,,,,,,,,,,,,,,,,,,,,,,,,,,,
2015,Panoche,1.2,2,open,,,,74,2,9,,,2,,,,,,,,,,,,,,,,,,,,,,,,,,,,,,,,,,
2015,Panoche,1.2,3,open,,,,60,7,6,,,3,,,,,,,,,,,,,,,,,,,,,,,,,,,,,,,,,,
2015,Panoche,1.2,4,open,,,,70,6,19,,,5,,,,,,,,,,,,,,,,,,,,,,,,,,,,,,,,,,
2015,Panoche,1.2,5,open,,,,44,8,12,,,7,,,,,,,,,,,,,,,,,,,,,,,,,,,,,,,,,,
2015,Panoche,1.2,6,open,,,,10,1,15,,,12,,,,,,,,,,,,,,,,,,,,,,,,,,,,,,,,,,
2015,Panoche,1.2,7,open,,,,28,2,18,,,13,,,,,,,,,,,,,,,,,,,,,,,,,,,,,,,,,,
2015,Panoche,1.2,8,open,,,,34,17,20,,,1,,,,,,,,,,,,,,,,,,,,,,,,,,,,,,,,,,
2015,Panoche,1.2,9,open,,,,26,,10,,,2,,,,,,,,,,,,,,,,,,,,,,,,,,,,,,,,,,
2015,Panoche,1.2,10,open,,,,30,9,12,,,8,,,,,,,,,,,,,,,,,,,,,,,,,,,,,,,,,,
2015,Panoche,1.2,11,open,,,,24,5,,,,9,,,,,,,,,,,,,,,,,,,,,,,,,,,,,,,,,,
2015,Panoche,1.2,12,open,,,,62,2,25,,,19,,,,,,,,,,,,,,,,,,,,,,,,,,,,,,,,,,
2015,Panoche,1.2,13,open,,,,22,4,11,,,16,,,,,,,,,,,,,,,,,,,,,,,,,,,,,,,,,,
2015,Panoche,1.2,14,open,,,,23,7,9,,,7,,,,,,,,,,,,,,,,,,,,,,,,,,,,,,,,,,
2015,Panoche,1.2,15,open,,,,32,1,9,,,7,,,,,,,,,,,,,,,,,,,,,,,,,,,,,,,,,,
2015,Panoche,1.1,1,open,,,,88,128,44,,,,,,,,,,,,,,,,,,,,,,,,,,,,,,,,,,,,,
2015,Panoche,1.1,2,open,,,,72,134,18,,,,,,,,,,,,,,,,,,,,,,,,,,,,,,,,,,,,,
2015,Panoche,1.1,3,open,,,,34,96,12,,,,,,,,,,,,,,,,,,,,,,,,,,,,,,,,,,,,,
2015,Panoche,1.1,4,open,,,,82,48,34,,,,,,,,,,,,,,,,,,,,,,,,,,,,,,,,,,,,,
2015,Panoche,1.1,5,open,,,,96,50,60,,,,,,,,,,,,,,,,,,,,,,,,,,,,,,,,,,,,,
2015,Panoche,1.1,6,open,,,,88,120,52,,,,,,,,,,,,,,,,,,,,,,,,,,,,,,,,,,,,,
2015,Panoche,1.1,7,open,,,,68,128,80,8,,,,,,,,,,,,,,,,,,,,,,,,,,,,,,,,,,,,
2015,Panoche,1.1,8,open,,,,68,32,82,,,,,,,,,,,,,,,,,,,,,,,,,,,,,,,,,,,,,
2015,Panoche,1.1,9,open,,,,120,88,66,,,,,,,,,,,,,,,,,,,,,,,,,,,,,,,,,,,,,
2015,Panoche,1.1,10,open,,,,56,42,24,,,,,,,,,,,,,,,,,,,,,,,,,,,,,,,,,,,,,
2015,Panoche,1.1,11,open,,,,40,100,131,,,,,,,,,,,,,,,,,,,,,,,,,,,,,,,,,,,,,
2015,Panoche,1.1,12,open,,,,122,88,12,,,,,,,,,,,,,,,,,,,,,,,,,,,,,,,,,,,,,
2015,Panoche,1.1,13,open,,,,134,96,60,,,,,,,,,,,,,,,,,,,,,,,,,,,,,,,,,,,,,
2015,Panoche,1.1,14,open,,,,80,86,44,,,,,,,,,,,,,,,,,,,,,,,,,,,,,,,,,,,,,
2015,Panoche,1.1,15,open,,,,69,62,44,,,,,,,,,,,,,,,,,,,,,,,,,,,,,,,,,,,,,
2015,Panoche,1.3,1,shrub,4.11,3.28,1.95,,245,,,2,,,,,,,,,,,,,,,,,,,,,,,,,,,,,,,,,,,
2015,Panoche,1.3,2,shrub,2.9,3.17,1.51,,135,,,6,,,,,,,,,,,,,,,,,,,,,,,,,,,,,,,,,,,
2015,Panoche,1.3,3,shrub,3.22,2.38,1.84,,260,,,3,,,,,,,,,,,,,,,,,,,,,,,,,,,,,,,,,,,
2015,Panoche,1.3,4,shrub,1.65,1.77,1.37,,115,,8,3,,,,,,,,,,,,,,,,,,,,,,,,,,,,,,,,,,,
2015,Panoche,1.3,5,shrub,3.34,2.35,1.48,,180,,,2,,,,,,,,,,,,,,,,,,,,,,,,,,,,,,,,,,,
2015,Panoche,1.3,6,shrub,3.02,3.23,1.74,,190,64,,3,,,,,,,,,,,,,,,,,,,,,,,,,,,,,,,,,,,
2015,Panoche,1.3,7,shrub,3.99,4.08,1.6,,204,,,,,,,,,,,,,,,,,,,,,,,,,,,,,,,,,,,,,,
2015,Panoche,1.3,8,shrub,2.42,2.47,1.4,,180,4,,,,,,,,,,,,,,,,,,,,,,,,,,,,,,,,,,,,,
2015,Panoche,1.3,9,shrub,3.41,3.17,1.55,,142,,,,,,,,,,,,,,,,,,,,,,,,,,,,,,,,,,,,,,
2015,Panoche,1.3,10,shrub,3.43,2.73,1.83,,155,,,,,,,,,,,,,,,,,,,,,,,,,,,,,,,,,,,,,,
2015,Panoche,1.3,11,shrub,4.21,4.39,1.71,,208,,,,,,,,,,,,,,,,,,,,,,,,,,,,,,,,,,,,,,
2015,Panoche,1.3,12,shrub,5.76,5.43,2.16,,212,,,1,,,,,,,,,,,,,,,,,,,,,,,,,,,,,,,,,,,
2015,Panoche,1.3,13,shrub,2.07,3.2,0.76,,66,5,,7,,,,,,,,,,,,,,,,,,,,,,,,,,,,,,,,,,,
2015,Panoche,1.3,14,shrub,2.55,2.27,0.98,,190,,3,,,,,,,,,,,,,,,,,,,,,,,,,,,,,,,,,,,,
2015,Panoche,1.3,15,shrub,1.65,1.16,0.62,,104,14,6,,3,,,,,,,,,,,,,,,,,,,,,,,,,,,,,,,,,,
2015,Panoche,1.2,1,shrub,2.38,3.28,1.25,,20,8,,,3,,,,,,,,,,,,,,,,,,,,,,,,,,,,,,,,,,
2015,Panoche,1.2,2,shrub,2.76,2.7,1.26,66,72,22,,,,,,,,,,,,,,,,,,,,,,,,,,,,,,,,,,,,,
2015,Panoche,1.2,3,shrub,2.44,1.98,1.02,15,92,22,,,3,,,,,,,,,,,,,,,,,,,,,,,,,,,,,,,,,,
2015,Panoche,1.2,4,shrub,2.59,2.76,1.43,110,8,,,,3,,,,,,,,,,,,,,,,,,,,,,,,,,,,,,,,,,
2015,Panoche,1.2,5,shrub,2.7,3.2,1.14,40,52,8,,,4,,,,,,,,,,,,,,,,,,,,,,,,,,,,,,,,,,
2015,Panoche,1.2,6,shrub,2.74,3,1.1,30,56,4,,,,,,,,,,,,,,,,,,,,,,,,,,,,,,,,,,,,,
2015,Panoche,1.2,7,shrub,1.39,1.4,0.82,30,70,10,,,4,,,,,,,,,,,,,,,,,,,,,,,,,,,,,,,,,,
2015,Panoche,1.2,8,shrub,2.01,1.94,1.16,96,38,6,,,,,,,,,,,,,,,,,,,,,,,,,,,,,,,,,,,,,
2015,Panoche,1.2,9,shrub,1.86,2,1.34,15,64,3,,,3,,,,,,,,,,,,,,,,,,,,,,,,,,,,,,,,,,
2015,Panoche,1.2,10,shrub,2.04,1.97,0.98,44,12,42,,,2,,,,,,,,,,,,,,,,,,,,,,,,,,,,,,,,,,
2015,Panoche,1.2,11,shrub,2.39,2.8,1.04,10,110,2,,,,,,,,,,,,,,,,,,,,,,,,,,,,,,,,,,,,,
2015,Panoche,1.2,12,shrub,1.33,2.33,0.94,6,58,,,,1,,,,,,,,,,,,,,,,,,,,,,,,,,,,,,,,,,
2015,Panoche,1.2,13,shrub,2.41,2.33,0.64,3,110,3,,,1,,,,,,,,,,,,,,,,,,,,,,,,,,,,,,,,,,
2015,Panoche,1.2,14,shrub,2.64,2.85,1.34,,184,2,,,,,,,,,,,,,,,,,,,,,,,,,,,,,,,,,,,,,
2015,Panoche,1.2,15,shrub,2.68,2.33,1.16,15,112,6,,,3,,,,,,,,,,,,,,,,,,,,,,,,,,,,,,,,,,
2015,Panoche,1.1,1,shrub,2.1,2.1,1.2,,234,,,,,,,,,,,,,,,,,,,,,,,,,,,,,,,,,,,,,,
2015,Panoche,1.1,2,shrub,1.9,1.7,1.3,,142,8,,,,,,,,,,,,,,,,,,,,,,,,,,,,,,,,,,,,,
2015,Panoche,1.1,3,shrub,2.23,2.4,1.12,,166,,,,,,,,,,,,,,,,,,,,,,,,,,,,,,,,,,,,,,
2015,Panoche,1.1,4,shrub,2.63,2.9,1.07,,212,,,,,,,,,,,,,,,,,,,,,,,,,,,,,,,,,,,,,,
2015,Panoche,1.1,5,shrub,0.96,1.07,0.81,84,160,6,,,,,,,,,,,,,,,,,,,,,,,,,,,,,,,,,,,,,
2015,Panoche,1.1,6,shrub,3.25,2.2,1.3,,248,,,,,,,,,,,,,,,,,,,,,,,,,,,,,,,,,,,,,,
2015,Panoche,1.1,7,shrub,3.05,2.5,0.9,118,144,80,,,,,,,,,,,,,,,,,,,,,,,,,,,,,,,,,,,,,
2015,Panoche,1.1,8,shrub,2.95,1.6,1.1,,208,8,,,,,,,,,,,,,,,,,,,,,,,,,,,,,,,,,,,,,
2015,Panoche,1.1,9,shrub,2.45,2.3,1.15,,190,20,,,,,,,,,,,,,,,,,,,,,,,,,,,,,,,,,,,,,
2015,Panoche,1.1,10,shrub,2.3,2.5,1.3,,166,,,,,,,,,,,,,,,,,,,,,,,,,,,,,,,,,,,,,,
2015,Panoche,1.1,11,shrub,1.6,1.45,1.3,,200,84,,,,,,,,,,,,,,,,,,,,,,,,,,,,,,,,,,,,,
2015,Panoche,1.1,12,shrub,1.8,1.4,0.9,,220,,,,,,,,,,,,,,,,,,,,,,,,,,,,,,,,,,,,,,
2015,Panoche,1.1,13,shrub,1.9,2,1.05,,124,48,,,,,,,,,,,,,,,,,,,,,,,,,,,,,,,,,,,,,
2015,Panoche,1.1,14,shrub,1.85,2.05,1.1,,194,,,,,,,,,,,,,,,,,,,,,,,,,,,,,,,,,,,,,,
2015,Panoche,1.1,15,shrub,2.8,2.75,1.2,,228,,,,,,,,,,,,,,,,,,,,,,,,,,,,,,,,,,,,,,
